Comment ID,Channel ID,Comment Create Timestamp,Price,Currency code,Super Thanks Identifier,Parent Comment ID,Post ID,Video ID,Comment Text,Price Tier ID,Top-Level Comment ID
UgzrqgSCitWLb3K7P8h4AaABAg.AOajUJJGbCyAPG9q9SFbqj,UCbClSOItOom1IT8ZLKnZYEA,2025-11-08T10:05:47.059813+00:00,0,,,UgzrqgSCitWLb3K7P8h4AaABAg,,noqtBSq-oUg,"{""text"":""left off""}",,UgzrqgSCitWLb3K7P8h4AaABAg
Ugy2cFESXLpNvTS2gcB4AaABAg,UCbClSOItOom1IT8ZLKnZYEA,2025-11-08T09:02:58.113426+00:00,0,,,,,XtAM-gabrb0,"{""text"":""how do i get more OP? anyone have any ideas? i needa get this cutie dial .""}",,
Ugyxe_LYz4O23Hf51YF4AaABAg,UCbClSOItOom1IT8ZLKnZYEA,2025-10-31T05:50:22.781822+00:00,0,,,,,idz09Y8T57M,"{""text"":""i feel immersed in the ai interaction""}",,
UgzX9xoiPGDMIFJ3TkZ4AaABAg,UCbClSOItOom1IT8ZLKnZYEA,2025-10-27T03:56:12.218101+00:00,0,,,,,6nEgJo1Q19Y,"{""text"":""i like the background music some üî•""}",,
UgwpoyIFCqOqkYEr0bV4AaABAg,UCbClSOItOom1IT8ZLKnZYEA,2025-10-24T01:17:17.373639+00:00,0,,,,,Fd36gsuyKbM,"{""text"":""Thanks all for the support""}",,
UgzM15OE9tpL9MU6YHx4AaABAg,UCbClSOItOom1IT8ZLKnZYEA,2025-10-20T07:26:57.997002+00:00,0,,,,,eOrds-SKT0Q,"{""text"":""yall funny‚Ä¶ üòÇ""}",,
UgwGsjRbvvCGJiYAkzF4AaABAg.AOJbypke1TPAOJcyMT8PPf,UCbClSOItOom1IT8ZLKnZYEA,2025-10-15T21:55:22.573605+00:00,0,,,UgwGsjRbvvCGJiYAkzF4AaABAg,,tqS9ePeX8Ms,"{""text"":""1 present + 1 present = 2 üéÅ üéÅ""}",,UgwGsjRbvvCGJiYAkzF4AaABAg
Ugy5QI4F86sq8YqI_pR4AaABAg.AOJbvApCJHoAOJcbu-ZUcN,UCbClSOItOom1IT8ZLKnZYEA,2025-10-15T21:52:18.570733+00:00,0,,,Ugy5QI4F86sq8YqI_pR4AaABAg,,RABha2P2YSM,"{""text"":""mo br√ªl√©e adhd. show your picture puzzy. (hexxx)""}",,Ugy5QI4F86sq8YqI_pR4AaABAg
UgzvJdYeDi6OmKiAOEV4AaABAg,UCbClSOItOom1IT8ZLKnZYEA,2025-10-14T06:11:48.639451+00:00,0,,,,,AhVh55kV5H4,"{""text"":""stay tuned for my update!""}",,
UgydSX3Ddlv_qzogWON4AaABAg,UCbClSOItOom1IT8ZLKnZYEA,2025-10-14T06:11:19.332764+00:00,0,,,,,AhVh55kV5H4,"{""text"":""why you salty? this ain‚Äôt nothing new.""}",,
UgzlPY8wFF_xDJ8eR4Z4AaABAg,UCbClSOItOom1IT8ZLKnZYEA,2025-09-27T20:27:53.356322+00:00,0,,,,,62NM-4_Yue4,"{""text"":""111""}",,
UgwfLcwdPJMTqKiuSyF4AaABAg,UCbClSOItOom1IT8ZLKnZYEA,2025-09-24T23:15:44.869118+00:00,0,,,,,rYKYtZkDsZI,"{""text"":""i‚Äôll be here all week""}",,
UgzvuVGtjOTfo14yI-h4AaABAg,UCbClSOItOom1IT8ZLKnZYEA,2025-09-23T05:40:08.479091+00:00,0,,,,,0yXWEUDBGgk,"{""text"":""i don‚Äôt make conflict i end it ‚ù§""}",,
Ugyecr6lCJQtoQ3anaF4AaABAg,UCbClSOItOom1IT8ZLKnZYEA,2025-09-16T16:35:08.019953+00:00,0,,,,,zDAQLw63XBU,"{""text"":""AHAHAH THANK U""}",,
UgyCzQ9sbFvbim0EJ5J4AaABAg,UCbClSOItOom1IT8ZLKnZYEA,2025-09-16T01:31:00.2272+00:00,0,,,,,rLJTfVtRJVc,"{""text"":""team smokescreen""}",,
Ugzn8RIYn3gdMHEkj4h4AaABAg,UCbClSOItOom1IT8ZLKnZYEA,2025-09-14T19:31:31.253129+00:00,0,,,,,Bl8A343DA-k,"{""text"":""arkk log""}",,
Ugyv_0WIR0xyRZikusJ4AaABAg,UCbClSOItOom1IT8ZLKnZYEA,2025-09-13T06:09:03.973657+00:00,0,,,,,DxpqOjkuQX0,"{""text"":""whoever did that is a homosexual cause i only work with dudes""}",,
UgxAAdEafHL7lGiOgHJ4AaABAg,UCbClSOItOom1IT8ZLKnZYEA,2025-09-13T05:54:00.454516+00:00,0,,,,,db6NKjJ9Jbg,"{""text"":""respectfully, get fucked""}",,
Ugx5fraUWoWekBIK7Yp4AaABAg,UCbClSOItOom1IT8ZLKnZYEA,2025-09-12T00:52:09.6519+00:00,0,,,,,jOgX5livZXg,"{""text"":""PEACE OUT GIRL SCOUT""}",,
Ugz2qrUJ4wUxkzILzF94AaABAg,UCbClSOItOom1IT8ZLKnZYEA,2025-09-12T00:43:37.548392+00:00,0,,,,,BI1ncWn-yrQ,"{""text"":""Shoutout the most high!""}",,
UgyRfcRPXorusk-QEsl4AaABAg,UCbClSOItOom1IT8ZLKnZYEA,2025-09-11T17:15:14.676577+00:00,0,,,,,rDgVXEYStbw,"{""text"":""google turned it shoutout to youtube""}",,
Ugxdc0FNNTe3TgnM_mt4AaABAg,UCbClSOItOom1IT8ZLKnZYEA,2025-09-11T16:37:36.409709+00:00,0,,,,,rDgVXEYStbw,"{""text"":""I‚Äôm Still Standing ! Wym I kneeled??????""}",,
UgzB-qM0Mrd-Oy8vAE94AaABAg,UCbClSOItOom1IT8ZLKnZYEA,2025-09-11T05:35:28.543988+00:00,0,,,,,qCBv0RGG-KE,"{""text"":""Free my city üåÉ""}",,
UgwuQ4pPoPInpnyFNHN4AaABAg,UCbClSOItOom1IT8ZLKnZYEA,2025-09-08T18:15:29.193195+00:00,0,,,,,a6SQ_X2qpG8,"{""text"":""777""}",,
UgxhWxtbxkuf6cgynlp4AaABAg.AMgxmiupalcAMnwVfnPvS5,UCbClSOItOom1IT8ZLKnZYEA,2025-09-08T08:39:45.244779+00:00,0,,,UgxhWxtbxkuf6cgynlp4AaABAg,,vLDusGQsKFI,"{""text"":""üß¢ üß¢""}",,UgxhWxtbxkuf6cgynlp4AaABAg
UgxKIg18IMxs4tbWCKR4AaABAg,UCbClSOItOom1IT8ZLKnZYEA,2025-09-07T23:35:16.584474+00:00,0,,,,,e6zvgqh7QMc,"{""text"":""It‚Äôs never too late!""}",,
UgxSocNuMyieIatMRtx4AaABAg,UCbClSOItOom1IT8ZLKnZYEA,2025-09-07T21:54:36.463174+00:00,0,,,,,9Ei1Pe9NGvQ,"{""text"":""77""}",,
UgwNk3uJLpz3M_sVPI54AaABAg,UCbClSOItOom1IT8ZLKnZYEA,2025-09-07T06:02:38.207382+00:00,0,,,,,b1c4QOZNJL4,"{""text"":""fingers crossed ü§û""}",,
UgxoHm3eO_8vaQpy1Ed4AaABAg,UCbClSOItOom1IT8ZLKnZYEA,2025-09-07T03:01:44.635418+00:00,0,,,,,q7edOECslss,"{""text"":""love this ai ,reminds me of kickin it with the boiz""}",,
UgzLLr9_NK-peeHa8jN4AaABAg,UCbClSOItOom1IT8ZLKnZYEA,2025-09-05T20:29:33.685155+00:00,0,,,,,MD_LX8n9SJQ,"{""text"":""this is so different based on visual and speech. i am seeing signals of pay attention, and it‚Äôs juking my expectations causing me to lose attention. i can feel signal of guidance""}",,
UgwBAOQYaFXLiv4Z4Lh4AaABAg,UCbClSOItOom1IT8ZLKnZYEA,2025-09-04T20:46:52.238109+00:00,0,,,,,pH4AGPr4DJo,"{""text"":""11""}",,
Ugxuhfx-GToNvOAWlFt4AaABAg,UCbClSOItOom1IT8ZLKnZYEA,2025-08-31T07:05:47.412507+00:00,0,,,,,RReKUR9wQs0,"{""text"":""11 11 universe""}",,
UgyNgYi9OTzjXHqxIQt4AaABAg,UCbClSOItOom1IT8ZLKnZYEA,2025-08-31T07:04:13.955514+00:00,0,,,,,_JGxoGxqpkU,"{""text"":""STAY BLESS-ED""}",,
UgyIQok7v1CoaxpFu694AaABAg,UCbClSOItOom1IT8ZLKnZYEA,2025-08-30T12:38:28.517279+00:00,0,,,,,ELH9UR11fus,"{""text"":""joker life""}",,
Ugy-RKGtq86wMjSW2rp4AaABAg,UCbClSOItOom1IT8ZLKnZYEA,2025-08-30T12:12:04.169976+00:00,0,,,,,Ni3EAO1V18c,"{""text"":""JOKER n GOD n SOL""}",,
UgwlF3Qkc5UuZH9eqgB4AaABAg,UCbClSOItOom1IT8ZLKnZYEA,2025-08-30T11:59:07.365739+00:00,1990000,USD,440002540510841,,,17hWnluR6o8,"{""text"":""Use this as a thread to block the chains""}",super_vod_item_2_usd,
Ugyy4AmUURoyxp64FMR4AaABAg,UCbClSOItOom1IT8ZLKnZYEA,2025-08-30T10:47:23.467411+00:00,0,,,,,QnGO7vAbLA4,"{""text"":""777""},{""text"":""\n""},{""text"":""\n""},{""text"":"" I choose peace cause i‚Äôm on my P shit.""}",,
Ugwc6HnGsZ-mEM6KVyR4AaABAg,UCbClSOItOom1IT8ZLKnZYEA,2025-08-30T05:06:37.342551+00:00,0,,,,,5oxYtsJuYqM,"{""text"":""222""}",,
UgzHpZSBNoPT7eRUW4l4AaABAg,UCbClSOItOom1IT8ZLKnZYEA,2025-08-29T19:06:01.802819+00:00,0,,,,,J7hUlhB7hNQ,"{""text"":""THANK YOUUUU""}",,
UgzQpE_oom7khSaQKqp4AaABAg,UCbClSOItOom1IT8ZLKnZYEA,2025-08-29T19:05:56.18511+00:00,0,,,,,J7hUlhB7hNQ,"{""text"":""777 AMEN PLZ!!!""}",,
UgzT_8F_Usx8Lj_jXDx4AaABAg,UCbClSOItOom1IT8ZLKnZYEA,2025-08-29T08:01:22.678916+00:00,0,,,,,k6U7V9MAcyw,"{""text"":""Remnant to keep flame alive. flow like da river""}",,
Ugz3aBKKjXjyHd_m-yh4AaABAg,UCbClSOItOom1IT8ZLKnZYEA,2025-08-29T02:56:11.785053+00:00,0,,,,,nT_YDs3CcJE,"{""text"":""love u""}",,
UgwuV3lThoUTNw_277d4AaABAg,UCbClSOItOom1IT8ZLKnZYEA,2025-08-28T15:01:11.532304+00:00,0,,,,,0ftDP4zctBI,"{""text"":""this is true till u hit a reverse uno üòÇüéâ""}",,
UgwsjK2HELEaYgkT22N4AaABAg,UCbClSOItOom1IT8ZLKnZYEA,2025-08-28T04:53:02.206905+00:00,0,,,,,43mtny_1TNk,"{""text"":""TECHO HEAVEN""}",,
UgzsWkz5hZP5Ubg0gTZ4AaABAg,UCbClSOItOom1IT8ZLKnZYEA,2025-08-28T02:45:35.54331+00:00,0,,,,,48eLHj9CxXM,"{""text"":""trust üòä""}",,
UgzBQHr6N2cPkgZClsh4AaABAg,UCbClSOItOom1IT8ZLKnZYEA,2025-08-27T17:44:25.771397+00:00,0,,,,,6pdYuvS080Y,"{""text"":""777‚ù§üòä""}",,
UgxjejZD0iJK8b1ab1R4AaABAg,UCbClSOItOom1IT8ZLKnZYEA,2025-08-27T08:36:38.68168+00:00,0,,,,,OG5A_QpgGrg,"{""text"":""small tot""}",,
Ugz4PSwUly2HETu49Fp4AaABAg,UCbClSOItOom1IT8ZLKnZYEA,2025-08-26T19:00:36.244138+00:00,0,,,,,PIx9ZeEXw-s,"{""text"":""coincidence i hear the planes zoom in while watchin. shout out the most high""}",,
Ugxj2PtdMCITgptH6O14AaABAg,UCbClSOItOom1IT8ZLKnZYEA,2025-08-26T17:26:55.80724+00:00,0,,,,UgkxiI_lGKQBzP_y2iJrtOYrQolsaLzhlm7j,,"{""text"":""it‚Äôs been x years since this song came out???? üòÆ""}",,
Ugz3NBd7YGUb3ZMQweB4AaABAg,UCbClSOItOom1IT8ZLKnZYEA,2025-08-24T20:17:31.857593+00:00,0,,,,,5GMGY56_nmo,"{""text"":""No limit üìàüìàüéâ‚ù§üòÇüò¢üòÆüòÖüòä""}",,
Ugy6-T724ra9Y3IV7Zd4AaABAg,UCbClSOItOom1IT8ZLKnZYEA,2025-08-23T00:07:44.505715+00:00,0,,,,,HKOyhJPn_QM,"{""text"":""This a heavy message. But people do what they do and do as they please. Anyone else feel like that‚Äôs what it is??""}",,
Ugz64LgzcpKzbiWGW6Z4AaABAg,UCbClSOItOom1IT8ZLKnZYEA,2025-08-22T23:59:48.543029+00:00,0,,,,,UvSw1C3oOIU,"{""text"":""It takes dissection to show who dissects someone better. Only then will it be proven. Those who‚Äôve been dissected‚Ä¶ was it really??? ‚ù§üòÇ""}",,
UgwZrY0d-6LSPbSXDvZ4AaABAg,UCbClSOItOom1IT8ZLKnZYEA,2025-08-22T15:35:19.137385+00:00,0,,,,,Z-YbyaRoOq0,"{""text"":""Leveled up on em üí™ ""},{""text"":""\n""},{""text"":""\n""},{""text"":""New setup lookin immaculate""}",,
UgztUCwCzp6jEq9Hx5Z4AaABAg,UCbClSOItOom1IT8ZLKnZYEA,2025-08-22T15:20:41.316375+00:00,0,,,,,kl7mmPlHg94,"{""text"":""Intent is the meta üî• ""},{""text"":""\n""},{""text"":""\n""},{""text"":""Just takes a bit of time for intelligence to understand that intent. We are all human and have our own processes. If one person is so intelligent, it may come off as, ‚ÄúTHEY‚ÄôRE NOT HUMAN!!‚Äù ü§ñü¶æ ""},{""text"":""\n""},{""text"":""\n""},{""text"":""But that‚Äôs the beauty of human ingenuity and the concept of building a brighter future. This is where the balance of perception and precision needs understanding without giving away the meta on both ends. Proof that humans haven‚Äôt stopped evolving, rather we get stuck in our own habits.""},{""text"":""\n""},{""text"":""\n""},{""text"":""The person receiving intent must also have their own good intent for this to work. If their intent is bad‚Ä¶ well, we seen what happens already. History repeats itself, choose greatness every time and you may just be surprised. ‚≠êÔ∏è ""},{""text"":""\n""},{""text"":""\n""},{""text"":""Namaste, Nah must go. üßòüßòüèø\u200d‚ôÇÔ∏è""}",,
Ugy_8A-XrNhhQnD0LId4AaABAg,UCbClSOItOom1IT8ZLKnZYEA,2025-08-22T07:46:39.395107+00:00,0,,,,,V2R0_GqxAvc,"{""text"":""yea‚Ä¶.. :(""}",,
Ugxdz7KuQtc5D7i6Fdd4AaABAg,UCbClSOItOom1IT8ZLKnZYEA,2025-08-22T04:39:35.859244+00:00,0,,,,,2x1AQQFq5OI,"{""text"":""you remind me of someone I once knew""}",,
UgxCTQBPICdXbQzsDot4AaABAg,UCbClSOItOom1IT8ZLKnZYEA,2025-08-19T20:36:29.058871+00:00,0,,,,,xWYb7tImErI,"{""text"":""üòé""}",,
Ugx78LAjG6GUzgJZvX94AaABAg,UCbClSOItOom1IT8ZLKnZYEA,2025-08-19T02:23:33.122033+00:00,0,,,,,6VdypbDNEfY,"{""text"":""i dont have a partner, yet""}",,
UgxLzWhWg_1ZSIFKEn14AaABAg,UCbClSOItOom1IT8ZLKnZYEA,2025-08-19T01:39:10.099509+00:00,0,,,,,soiMEGeHDW4,"{""text"":""stop da üß¢ üòÇ""}",,
Ugz1sSzgL_aASsny9UJ4AaABAg,UCbClSOItOom1IT8ZLKnZYEA,2025-08-19T01:35:01.858958+00:00,0,,,,,4HbkmCdC8KQ,"{""text"":""idk none bout none. ü•≤""}",,
UgwDjVYOeq_dpOj-x-14AaABAg,UCbClSOItOom1IT8ZLKnZYEA,2025-08-19T01:21:57.368349+00:00,0,,,,,a-d88MCzMo8,"{""text"":""how tf do u make sum after i do sum""}",,
UgwE8zk6DZSgQk5_eOR4AaABAg,UCbClSOItOom1IT8ZLKnZYEA,2025-08-19T01:21:20.341738+00:00,0,,,,,_HARcp0aAm4,"{""text"":""why ?""}",,
Ugxf24_tz5l546VoYKJ4AaABAg,UCbClSOItOom1IT8ZLKnZYEA,2025-08-19T01:19:34.716865+00:00,0,,,,,GGG6xs0KcLE,"{""text"":""who u iz im running up your algy.""}",,
UgwBWc9Y4dP4Td48cw94AaABAg,UCbClSOItOom1IT8ZLKnZYEA,2025-02-19T09:46:09.876695+00:00,0,,,,,CEBq_JMev_4,"{""text"":""2:45"",""videoLink"":{""externalVideoId"":""CEBq_JMev_4"",""startTimeSeconds"":165}},{""text"":"" says \""absolutely\"" but shakes his head. we are cooked ladies and gentleman""}",,
UgxMAdYszSk7lmS4hsZ4AaABAg.ACEa-8bL1IRACm1jWHcmZX,UCbClSOItOom1IT8ZLKnZYEA,2025-01-02T01:41:47.013066+00:00,0,,,UgxMAdYszSk7lmS4hsZ4AaABAg,,6hInyV2HC8I,"{""text"":""he is stoked""}",,UgxMAdYszSk7lmS4hsZ4AaABAg
UgwgwhxbAu8kqpGIhGp4AaABAg,UCbClSOItOom1IT8ZLKnZYEA,2024-12-26T02:51:51.915484+00:00,0,,,,,sdNKE9lTAgg,"{""text"":""yamikaze forever""}",,
Ugw29fAeI_B45BBpms14AaABAg,UCbClSOItOom1IT8ZLKnZYEA,2024-11-24T10:00:36.196684+00:00,0,,,,,J5jh4KvRgUc,"{""text"":""dude with garbage bag is feds""}",,
Ugzni82EQVocse8tfnB4AaABAg,UCbClSOItOom1IT8ZLKnZYEA,2024-11-02T23:10:48.690436+00:00,0,,,,,Y4hWk8SwNwA,"{""text"":""tell me why the dog looks mad as fuck at when it start running towards the camera üòÇ""}",,
Ugx1JKuoEC6RGQFik5t4AaABAg.A8X-dJOFPIFA8_lttFA5cO,UCbClSOItOom1IT8ZLKnZYEA,2024-09-19T21:18:11.566904+00:00,0,,,Ugx1JKuoEC6RGQFik5t4AaABAg,,qJd3Rxra4IQ,"{""text"":""most likely cuz of the term coupe de tat ahaha""}",,Ugx1JKuoEC6RGQFik5t4AaABAg
UgxrtZuhQBqLebCHtbJ4AaABAg.A5BHlcce4cEA5gcP3U7r9s,UCbClSOItOom1IT8ZLKnZYEA,2024-07-09T23:35:42.332366+00:00,0,,,UgxrtZuhQBqLebCHtbJ4AaABAg,,5fG9mceDEf8,"{""text"":""He said I‚Äôm the best indeed, now he wanna bag it""},{""text"":""\n""},{""text"":""say he wanna invest in me, spend a couple bags yeah ""},{""text"":""\n""},{""text"":""city boys live for the city girls, life so fast when you‚Äôre having fun""},{""text"":""\n""},{""text"":""they all love on the pretty girls, better make me your number one""}",,UgxrtZuhQBqLebCHtbJ4AaABAg
UgzjOQ89fKX9jveu6P14AaABAg,UCbClSOItOom1IT8ZLKnZYEA,2024-06-04T04:39:20.147008+00:00,0,,,,,Trpe5UXqPiU,"{""text"":""floyd boxes perfectly‚Ä¶ kinda like a robot ""},{""text"":""\n""},{""text"":""\n""},{""text"":""pacquiao fights more humanistic with natural born warrior instinct and heart""}",,
UgzsHQEKEFM5ajYhPYx4AaABAg,UCbClSOItOom1IT8ZLKnZYEA,2024-05-16T09:29:39.849879+00:00,0,,,,,I3Lr46O5Ixc,"{""text"":""ayooo..?""}",,
Ugyb5McGHvfQYhPvm7F4AaABAg,UCbClSOItOom1IT8ZLKnZYEA,2024-05-14T20:15:14.496605+00:00,0,,,,,5L0Lwo4tjz8,"{""text"":""i‚Äôm telling my grandkids this was mike tyson vs jake paul""}",,
Ugzr6BRVIB9xOXYy0Vp4AaABAg,UCbClSOItOom1IT8ZLKnZYEA,2024-05-05T03:15:26.098218+00:00,0,,,,,Fnt2mxp83pM,"{""text"":""Commentator: The bad boys coming out""},{""text"":""\n""},{""text"":""Edwards: Yeah N*""},{""text"":""*""}",,
UgwBM-U_MqwHxgOl9JV4AaABAg.A0cWLvBw4QiA1NCPfYK67w,UCbClSOItOom1IT8ZLKnZYEA,2024-03-24T15:09:28.315343+00:00,0,,,UgwBM-U_MqwHxgOl9JV4AaABAg.A0cWLvBw4QiA0dmZnvg3kF,,bjVGCnFHSqM,"{""text"":""@OfficialBigStick"",""mention"":{""externalChannelId"":""UCp7QYQGeWrGF2GMNxsjSW0Q""}},{""text"":""rondonumbanine with a rocket launcher is crazy""}",,UgwBM-U_MqwHxgOl9JV4AaABAg
Ugwcsxolf7svjN7VO5d4AaABAg.9zeKDHstqXsA0tFKXX3_qf,UCbClSOItOom1IT8ZLKnZYEA,2024-03-12T14:38:31.660285+00:00,0,,,Ugwcsxolf7svjN7VO5d4AaABAg,,Hy2r7luwS10,"{""text"":""this is a knowledge consumption device without all of the ads/cookies in between. kinda nifty but also makes people lazier in the long run in terms of having the patience to do research lol. but i guess it can accelerate learning to do more too""}",,Ugwcsxolf7svjN7VO5d4AaABAg
UgzA1whg_A8ufINsABN4AaABAg,UCbClSOItOom1IT8ZLKnZYEA,2024-01-31T13:26:18.188746+00:00,0,,,,,tV85w2k8MEI,"{""text"":""people need to learn respect and you taught just that. cheers""}",,
UgywAlCiysOo6Tigs9Z4AaABAg.9zPUeR61trV9zhyM7ysuqc,UCbClSOItOom1IT8ZLKnZYEA,2024-01-18T12:27:01.535377+00:00,0,,,UgywAlCiysOo6Tigs9Z4AaABAg,,CK7UZBQ9GJc,"{""text"":""imagine dragon deez nutz on your chin""}",,UgywAlCiysOo6Tigs9Z4AaABAg
Ugxwrpq80dkz60WiTON4AaABAg.9yuyogD6Ooy9zNCuQwnUt0,UCbClSOItOom1IT8ZLKnZYEA,2024-01-10T01:39:37.460365+00:00,0,,,Ugxwrpq80dkz60WiTON4AaABAg,,D6ULDlUPIwo,"{""text"":""Narduwar clone""}",,Ugxwrpq80dkz60WiTON4AaABAg
UgxgZkwqx0NVh5DNHUR4AaABAg,UCbClSOItOom1IT8ZLKnZYEA,2023-12-21T14:08:38.1467+00:00,0,,,,,ZwQX68LbEFo,"{""text"":""LOL i would pronounce it like theme-zer""}",,
UgxgjFZ9NOvc7eXGx_h4AaABAg,UCbClSOItOom1IT8ZLKnZYEA,2023-12-03T01:11:34.920303+00:00,0,,,,,yLnlKlNOiqU,"{""text"":""What is he injecting?""}",,
Ugw0TKduz6B5WSXEPap4AaABAg.9wxtG6GIMV99x7Zmqkzo8U,UCbClSOItOom1IT8ZLKnZYEA,2023-11-15T06:48:55.78526+00:00,0,,,Ugw0TKduz6B5WSXEPap4AaABAg,,2gHHNm2NxNU,"{""text"":""nessatrell is saying that it's pronounced like Jay-Bow and not Jay-Boo""}",,Ugw0TKduz6B5WSXEPap4AaABAg
Ugz9zsCKFYx7Sukwy_h4AaABAg,UCbClSOItOom1IT8ZLKnZYEA,2023-10-19T03:50:33.817013+00:00,0,,,,,kwRKN7r8dj8,"{""text"":""Can't wait for the album.""}",,
UgzuUWLSvsI3XiaUxHx4AaABAg,UCbClSOItOom1IT8ZLKnZYEA,2023-10-04T06:05:58.810724+00:00,0,,,,,dWMtKhvRydQ,"{""text"":""Yes, Quang, I am listening to""}",,
UgwkjurMHCLqVLJb1A94AaABAg,UCbClSOItOom1IT8ZLKnZYEA,2023-09-17T20:27:15.445685+00:00,0,,,,,cX7a9RDYqBQ,"{""text"":""the spongebob music sequence is underrated""}",,
UgzNnmTbyGa_KCIjc8R4AaABAg,UCbClSOItOom1IT8ZLKnZYEA,2023-09-09T16:04:00.102024+00:00,0,,,,,s5ll77FfYd4,"{""text"":""lovin this new era rap. 2020's shit""}",,
Ugxo1evoDuReIJuXXFx4AaABAg,UCbClSOItOom1IT8ZLKnZYEA,2023-07-07T06:39:13.702277+00:00,0,,,,,LPFXR4ER890,"{""text"":""4L cause there's level to this shit.""}",,
UgyncNRE2yx4bQrixxR4AaABAg,UCbClSOItOom1IT8ZLKnZYEA,2023-06-30T14:27:32.08262+00:00,0,,,,,THcGerAm-PA,"{""text"":""20 year old man in a juvenile facility? Correct me if I‚Äôm wrong, but aren‚Äôt those 18 and under?""}",,
Ugy5ibZlIokzmF1mh2V4AaABAg.9pT7Ne2JQ979rTCR_AVNF9,UCbClSOItOom1IT8ZLKnZYEA,2023-06-27T13:19:50.328255+00:00,0,,,Ugy5ibZlIokzmF1mh2V4AaABAg,,cl1FbEM5-3Y,"{""text"":""ohgeesy and fenix are both fire but ohgeesy has mainstream potential for the fact he makes hooks and melodies.when they‚Äôre together they‚Äôre unstoppable.""}",,Ugy5ibZlIokzmF1mh2V4AaABAg
UgzLOA4xIwY14AaEv_J4AaABAg,UCbClSOItOom1IT8ZLKnZYEA,2023-05-21T05:51:53.452932+00:00,0,,,,,VhvjpsR_t9U,"{""text"":""Quang, PLEASE bring back the goku feasts""}",,
UgyyrOcr7NZijyCgqJN4AaABAg,UCbClSOItOom1IT8ZLKnZYEA,2023-04-15T17:12:15.582505+00:00,0,,,,,U_IbIMUbh-k,"{""text"":""TIED THEY DEAD FLIES""}",,
UgwpgoIavf6x2TsqTAR4AaABAg,UCbClSOItOom1IT8ZLKnZYEA,2023-04-12T02:48:24.428803+00:00,0,,,,,x3dzt9jqng0,"{""text"":""I ain‚Äôt gone front you be fuckin me up with the shit you doin""}",,
Ugww2-LcVZsV6DjlUqp4AaABAg,UCbClSOItOom1IT8ZLKnZYEA,2023-04-08T22:33:24.803129+00:00,0,,,,,2j8vTDo-0u8,"{""text"":""haven‚Äôt watched but ice spice gotta be #1""}",,
UgyuPRMYUFip9KVily94AaABAg,UCbClSOItOom1IT8ZLKnZYEA,2023-04-07T05:16:48.891962+00:00,0,,,,,n5l5sobOc-U,"{""text"":""Wait till he drops Who I Am""}",,
UgxkLFRmBvlu_1F44jR4AaABAg,UCbClSOItOom1IT8ZLKnZYEA,2023-04-05T18:02:11.50314+00:00,0,,,,,KSYhGgYPZxU,"{""text"":""this shit hard""}",,
UgwkIDTUlz9IA776fKF4AaABAg,UCbClSOItOom1IT8ZLKnZYEA,2023-03-26T01:43:21.937056+00:00,0,,,,,HDpzaHSIuIE,"{""text"":""fire""}",,
Ugz1zHLgCzyeyp9jpr94AaABAg,UCbClSOItOom1IT8ZLKnZYEA,2023-03-15T03:18:36.697746+00:00,0,,,,,f4EXpaZYzt8,"{""text"":""SHOUT OUT TO THE 6 ü§û""}",,
Ugz5do0CmATStA6yWNZ4AaABAg,UCbClSOItOom1IT8ZLKnZYEA,2023-03-13T14:13:56.832872+00:00,0,,,,,75gWKkKBi0U,"{""text"":""i‚Äôm in a suit and tie she tearin up my suit , tearing my suit""},{""text"":""\n""},{""text"":""that sound fruitful , im not molasses, see bout what this honeydew""}",,
UgzQilT9d3aTgqv5-JN4AaABAg,UCbClSOItOom1IT8ZLKnZYEA,2023-03-13T13:34:30.831909+00:00,0,,,,,xUqDb-p-Ksw,"{""text"":""They said  I should make a Yeezy diss but I don‚Äôt fucking play. ""},{""text"":""\n""},{""text"":""Served a cracker corn starch cause I don‚Äôt fuck with Yay (Ye)""}",,
Ugxn68GYvCHGrFU9Nyh4AaABAg,UCbClSOItOom1IT8ZLKnZYEA,2023-02-08T14:32:29.589079+00:00,0,,,,,IWtB9zDj82A,"{""text"":""the eye rolls when he goes BANKAI on the BEAT""}",,
UgwTC5V4jH_GBhUkTLN4AaABAg.9kX5sFbLLMD9lCR-rlJRLx,UCbClSOItOom1IT8ZLKnZYEA,2023-01-22T21:51:40.400831+00:00,0,,,UgwTC5V4jH_GBhUkTLN4AaABAg,,jDvz1ZRXTgQ,"{""text"":""she""}",,UgwTC5V4jH_GBhUkTLN4AaABAg
UgyyQdnsCnVO9xC_e5Z4AaABAg,UCbClSOItOom1IT8ZLKnZYEA,2022-12-24T15:57:31.274251+00:00,0,,,,,IWKoGg6K808,"{""text"":""IDGAF what nobody say, DDG is the goat. been watching since it g ma reaction and the growth is amazing. üí™ ‚úä""}",,
UgwL3qoYt4-JB7qp2Ul4AaABAg,UCbClSOItOom1IT8ZLKnZYEA,2022-12-10T03:07:06.030896+00:00,0,,,,,rvn3xBEs3_0,"{""text"":""With his glasses on his head still üí™""}",,
UgyO0v8WugIk0BXatUl4AaABAg,UCbClSOItOom1IT8ZLKnZYEA,2022-11-28T05:22:50.238147+00:00,0,,,,,BYF83ezFcW0,"{""text"":""That really sucks that you obviously got jacked. More people vouch for Goat than stockx. I wonder if the rep wasn't really a person but an AI robot? That would explain the shitty replies and how they said the same thing over and over.""}",,
Ugx82uNZyo5VNDAMYlR4AaABAg,UCbClSOItOom1IT8ZLKnZYEA,2022-11-02T01:01:04.891662+00:00,0,,,,,6mq2ukdhyhQ,"{""text"":""RIP THE MIGOAT""}",,
Ugx1cpfF-6WLkf8dJO94AaABAg,UCbClSOItOom1IT8ZLKnZYEA,2022-10-26T01:27:46.462345+00:00,0,,,,,K1TzHJuVx00,"{""text"":""wow this is the OG akko spr67! wowww""}",,
UgxGyKzy_Pg3IeMAl9p4AaABAg,UCbClSOItOom1IT8ZLKnZYEA,2022-09-17T19:24:30.134731+00:00,0,,,,,bT6dSg_d5HQ,"{""text"":""oh yup‚Ä¶ you got the sauce my g""}",,
UgxLM1nayXf0Gz-COoZ4AaABAg.9dbOexHjpMy9f8XWrggaPs,UCbClSOItOom1IT8ZLKnZYEA,2022-08-25T06:23:16.826534+00:00,0,,,UgxLM1nayXf0Gz-COoZ4AaABAg.9dbOexHjpMy9ep1QsS3GtU,,g2Cy4kBR7mI,"{""text"":""@HouseofRosh"",""mention"":{""externalChannelId"":""UCXV8WltCjqE4dIco5hjoxcw""}},{""text"":"" It reduces shipping because it takes less space in the cargo.""}",,UgxLM1nayXf0Gz-COoZ4AaABAg
Ugz-mjbY3oMx0GAt8e14AaABAg.9eIElg0dADk9eK-ReUk-y1,UCbClSOItOom1IT8ZLKnZYEA,2022-08-04T20:44:57.916799+00:00,0,,,Ugz-mjbY3oMx0GAt8e14AaABAg,,7y9BbD4pgBw,"{""text"":""Tapioca flour gives the crust a little bit of a chewier consistency that is actually quite pleasant. My auntie who gave me the flour also mentioned that you could actually cook the tapioca flour in oil for a long time and it won‚Äôt burn as quick as all purpose flour. It all comes down to preference, but I highly recommend it""}",,Ugz-mjbY3oMx0GAt8e14AaABAg
Ugz4ef2CdZCwNz4g3LF4AaABAg.9dmEr7OEVMl9e2TU_KbDId,UCbClSOItOom1IT8ZLKnZYEA,2022-07-29T01:21:10.726755+00:00,0,,,Ugz4ef2CdZCwNz4g3LF4AaABAg,,a0-jqq9aNNA,"{""text"":""hecarim lost vision as the animation of attack was happening while team mate flashed, so the first one didn‚Äôt go through""}",,Ugz4ef2CdZCwNz4g3LF4AaABAg
Ugy0VZaS4-imztHtSM54AaABAg,UCbClSOItOom1IT8ZLKnZYEA,2022-07-01T01:09:46.198018+00:00,0,,,,,7eR_063Ebxs,"{""text"":""fireeeeeeeee""}",,
Ugzj9o_3HqmweJwnqfp4AaABAg,UCbClSOItOom1IT8ZLKnZYEA,2022-06-28T15:14:51.606768+00:00,0,,,,,TdkHSxxYcLo,"{""text"":""support main btw""}",,
Ugw0DNS0FdtrIVkqYbt4AaABAg.9ca3PF7Y8Ca9ca44JUZRGg,UCbClSOItOom1IT8ZLKnZYEA,2022-06-22T18:49:46.21366+00:00,0,,,Ugw0DNS0FdtrIVkqYbt4AaABAg,,u-Ghx2NHKk8,"{""text"":""He makes Caitlyn look strong af and his target selection is on point""}",,Ugw0DNS0FdtrIVkqYbt4AaABAg
UgxDavlzyZ-LGh2qJUt4AaABAg,UCbClSOItOom1IT8ZLKnZYEA,2022-06-22T18:46:24.587401+00:00,0,,,,,kL6AU35h4LM,"{""text"":""this guy is nuts""}",,
UgzyWPvT5jkxzXeduXR4AaABAg,UCbClSOItOom1IT8ZLKnZYEA,2022-06-10T19:47:44.57651+00:00,0,,,,,4-_O1mbStf8,"{""text"":""ESSJ shit, all vietnamese roll like this out here""}",,
Ugxc5AX4cmygkldumCt4AaABAg.9c6DG2Kxmpd9c6G3pp0C3l,UCbClSOItOom1IT8ZLKnZYEA,2022-06-10T19:38:06.371074+00:00,0,,,Ugxc5AX4cmygkldumCt4AaABAg,,47c77IKll-w,"{""text"":""he has a shorts clip, but a guess would be cause he made a vid with bounce back meek""}",,Ugxc5AX4cmygkldumCt4AaABAg
UgwOZDIND-FnNcHMtgd4AaABAg,UCbClSOItOom1IT8ZLKnZYEA,2022-05-03T03:14:51.577244+00:00,0,,,,,_TzoqnFcP9M,"{""text"":""honestly i loved the kaws x uniqlo collab. first time i‚Äôve seen kaws have a mainstream reach. I was in sydney, australia at the time and it blew my mind how many people lined up to get it üí™""}",,
Ugw1RSqdtGKk6h3_EVF4AaABAg,UCbClSOItOom1IT8ZLKnZYEA,2022-04-29T15:07:20.633179+00:00,0,,,,,Jfh0-zvbTJY,"{""text"":""#1 Belmont Player I've Witnessed In My Life""}",,
Ugxp8xFCBlXnrHSu7494AaABAg.9Z5m8Y9tZbP9aOYk7ErIg6,UCbClSOItOom1IT8ZLKnZYEA,2022-04-29T05:04:50.65218+00:00,0,,,Ugxp8xFCBlXnrHSu7494AaABAg,,X-tWxgB0uYw,"{""text"":""and the lemon from lemon tree""}",,Ugxp8xFCBlXnrHSu7494AaABAg
UgwRyQXGI-JBmBGm8kJ4AaABAg,UCbClSOItOom1IT8ZLKnZYEA,2022-04-17T16:12:25.176242+00:00,0,,,,,dL4qM4qG4Rk,"{""text"":""Legendary intro LOL. fire""}",,
UgyjWads469dj3GGuZ94AaABAg,UCbClSOItOom1IT8ZLKnZYEA,2022-04-03T16:01:46.69339+00:00,0,,,,,OqiBKgoMkd0,"{""text"":""godly, it'd be cool to see you compete!""}",,
Ugxx_RpJvt69zVRjiul4AaABAg,UCbClSOItOom1IT8ZLKnZYEA,2022-03-09T15:32:37.88207+00:00,0,,,,,Vlj5Bna9KaM,"{""text"":""You can tell he‚Äôs from Louisville by the way he says Louisville""}",,
UgwqtBbvxrDOZVYlNDF4AaABAg,UCbClSOItOom1IT8ZLKnZYEA,2022-02-28T16:55:57.407883+00:00,0,,,,,NZLoFZXT_uY,"{""text"":""congrats to the winnerssss. looking forward to the next vid king üí™""}",,
UgwQek7Xo0iAk6UPTw94AaABAg,UCbClSOItOom1IT8ZLKnZYEA,2022-02-21T04:43:56.053326+00:00,0,,,,,m9_DjaCxuQE,"{""text"":""sick vid as always. GOATed""}",,
UgwoI_t39XK5fNzwew14AaABAg,UCbClSOItOom1IT8ZLKnZYEA,2022-02-20T17:08:08.356117+00:00,0,,,,,nqjvvfUD2Dg,"{""text"":""didn't even notice the \""tasteful\"" ape on the shirt and hoodie. nice review""}",,
UgwLBuA3_N-9LmV0OPV4AaABAg,UCbClSOItOom1IT8ZLKnZYEA,2022-02-13T20:26:05.846181+00:00,0,,,,,sBliB6hFx7c,"{""text"":""Year of the Tiger üêØ. Always love the content you bring out""}",,
Ugyo76cazZ2StYEoF7p4AaABAg,UCbClSOItOom1IT8ZLKnZYEA,2022-02-13T18:18:02.026024+00:00,0,,,,,ahjFeNoWQsA,"{""text"":""what a demon""}",,
Ugw2N0HX9Rrj-7yU0nh4AaABAg,UCbClSOItOom1IT8ZLKnZYEA,2022-02-04T19:24:27.674891+00:00,0,,,,,BSR2abTFQF8,"{""text"":""RIP TDOTT WOO WALK-IN""}",,
UgxWtGLV2WEfa_fogRl4AaABAg,UCbClSOItOom1IT8ZLKnZYEA,2022-02-03T23:54:27.77403+00:00,0,,,,,yWbR4fk4B4s,"{""text"":""Ayeee that‚Äôs Valley Fair mall. One of the best malls I‚Äôve been to in all of the USA. They just remodeled it so it‚Äôs even bougier now. Hope you had a great time out there""}",,
UgyAuRuHqGu8I2UpKB54AaABAg,UCbClSOItOom1IT8ZLKnZYEA,2022-02-03T07:51:23.114288+00:00,0,,,,,zd73x5wNyuA,"{""text"":""damn he broke a sweat with that!""}",,
UgyzfWYpJpnaB7gF5EF4AaABAg,UCbClSOItOom1IT8ZLKnZYEA,2021-12-26T20:23:53.819626+00:00,0,,,,,9LwxyD9fLeo,"{""text"":""This guy is a nut! Stay Dangerous""}",,
Ugx7735I1w-sUdNmMSp4AaABAg,UCbClSOItOom1IT8ZLKnZYEA,2021-12-26T00:40:18.780036+00:00,0,,,,,IHhO8QKcCy4,"{""text"":""Hard""}",,
UgxsHWBverttZ6YfgUh4AaABAg,UCbClSOItOom1IT8ZLKnZYEA,2021-12-23T15:06:53.284681+00:00,0,,,,,zAvxNksBHu0,"{""text"":""Damnnn didn‚Äôt expect this. You gotta do Chuckie Akenz""}",,
UgxpKQYpkCw4-a1jE_F4AaABAg,UCbClSOItOom1IT8ZLKnZYEA,2021-11-25T14:44:39.822542+00:00,0,,,,,5P87N8gV7_I,"{""text"":""‚ÄòHad to learn to always stand tall, fuck what I‚Äôm going through‚Äô üî•ü•∂""}",,
Ugwsva9GgFH_I8r1JD94AaABAg.9Ukeo91XaTz9UkhYWEzguC,UCbClSOItOom1IT8ZLKnZYEA,2021-11-15T05:13:16.61336+00:00,0,,,Ugwsva9GgFH_I8r1JD94AaABAg,,c9XpaHIjAAM,"{""text"":""IBleedDontWorry""}",,Ugwsva9GgFH_I8r1JD94AaABAg
UgysYeyqt-0wUrn643d4AaABAg.9RN664U6nYi9UUsLkL_UvO,UCbClSOItOom1IT8ZLKnZYEA,2021-11-08T16:20:33.897046+00:00,0,,,UgysYeyqt-0wUrn643d4AaABAg,,oAADFdfa-G4,"{""text"":""Facts""}",,UgysYeyqt-0wUrn643d4AaABAg
Ugwgb8Z9x9FfjqqnsW54AaABAg,UCbClSOItOom1IT8ZLKnZYEA,2021-10-19T17:48:57.33321+00:00,0,,,,,EMc-eoxQxZg,"{""text"":""Speaker blown""}",,
UgyUxEIcQN6Ugih8Grp4AaABAg,UCbClSOItOom1IT8ZLKnZYEA,2021-10-10T15:33:45.57151+00:00,0,,,,,xmlqU7KNqjE,"{""text"":""GETTING SWOLE PLAYER""}",,
UgwXsx85hgw_BleG0lF4AaABAg,UCbClSOItOom1IT8ZLKnZYEA,2021-10-07T20:46:14.069464+00:00,0,,,,,TUTHr4PoQqQ,"{""text"":""Hi there, great content love the hustle. just wanted to let you know, food can't \""slap\"". food can \""smack\"" but not \""slap.\"" Music slaps. This song \""slaps.\"" Songs also cannot \""smack\"" thank you for listening to my ted talk.""}",,
Ugyk85K_wWBRtRNHgjJ4AaABAg,UCbClSOItOom1IT8ZLKnZYEA,2021-09-23T17:04:18.486459+00:00,0,,,,,kcXxZcmz6NM,"{""text"":""reminiscing through old likes rn, and this vid is goated""}",,
UgwB0z3eRbgG-_1iMQd4AaABAg,UCbClSOItOom1IT8ZLKnZYEA,2021-09-19T21:35:48.153094+00:00,0,,,,,W_OYSTHgjqY,"{""text"":""Respect, keep it up! I find it cool how you resell but also pay homage to Nigo Bape Era. üí™""}",,
Ugw-bz6FZqvYF3MNllN4AaABAg,UCbClSOItOom1IT8ZLKnZYEA,2021-09-19T16:58:36.694586+00:00,0,,,,,qVo06V8HDGU,"{""text"":""The sample on this song is Xxxtentacion - Changes""}",,
UgzGaCeEkLUT0PsBgy94AaABAg,UCbClSOItOom1IT8ZLKnZYEA,2021-09-19T16:54:08.106403+00:00,0,,,,,MeJz6npbGwI,"{""text"":""Y‚Äôall need to do more B-Lovee, Kay Flock, Dougie B, Sha Ek, Dthang Gzz. The shorty throwing up the gun sign is named Bouba Savage. Bronx goin up rn""}",,
UgwacNKSgk_NlMl_UG54AaABAg,UCbClSOItOom1IT8ZLKnZYEA,2021-09-12T16:48:35.65667+00:00,0,,,,,JS6-ScQMJhA,"{""text"":""Young Threat in da vid shoutout Cali""}",,
UgydcZ63SfEmTDrVoP54AaABAg,UCbClSOItOom1IT8ZLKnZYEA,2021-09-12T15:42:23.189336+00:00,0,,,,,lkT6J7bf5iI,"{""text"":""Ayeee didn‚Äôt win but thanks for entering me! ‚òÆÔ∏è""}",,
Ugx_qkq1z4bNjxgL4AV4AaABAg,UCbClSOItOom1IT8ZLKnZYEA,2021-09-11T16:08:44.714845+00:00,0,,,,,wg803SkJJko,"{""text"":""This a lowkey legendary video mang""}",,
Ugwrdt3P9OV13x-hMKl4AaABAg,UCbClSOItOom1IT8ZLKnZYEA,2021-09-06T12:36:14.603051+00:00,0,,,,,dwHtvjCiUHQ,"{""text"":""1000, congrats on the hustle!!!""}",,
Ugy0NdrOoCFLLiyd0BV4AaABAg,UCbClSOItOom1IT8ZLKnZYEA,2021-08-27T13:37:42.799209+00:00,0,,,,,22fzOgr9HCE,"{""text"":""And I never thought this lifestyle would change us, keeping my family straight I never cared bout being famous. üíØ""}",,
UgwPBlBRikrMMCb43oZ4AaABAg.99TmbE5Tvd_9RRu0TJ_jH1,UCbClSOItOom1IT8ZLKnZYEA,2021-08-24T23:03:13.844953+00:00,0,,,UgwPBlBRikrMMCb43oZ4AaABAg,,biwvUE7jIqM,"{""text"":""FREE SHIESTY""}",,UgwPBlBRikrMMCb43oZ4AaABAg
UgxxSVm9bMlCIYv2oVN4AaABAg.9RPh5taw8_99RPrFxh1Scu,UCbClSOItOom1IT8ZLKnZYEA,2021-08-24T04:00:39.039657+00:00,0,,,UgxxSVm9bMlCIYv2oVN4AaABAg.9RPh5taw8_99RPkH6Zgfr-,, -tdXMVR22UQ,"{""text"":""@Brandon Horsford"",""mention"":{""externalChannelId"":""UCgm2zAKbSWqFrbxoagCYufg""}},{""text"":"" yessir, even personally my rosin press got a 22% return from FLOWER and I‚Äôm a noob. Some strains don‚Äôt even yield 15%""}",,UgxxSVm9bMlCIYv2oVN4AaABAg
UgxxSVm9bMlCIYv2oVN4AaABAg.9RPh5taw8_99RPjbN-E5pR,UCbClSOItOom1IT8ZLKnZYEA,2021-08-24T02:53:48.338019+00:00,0,,,UgxxSVm9bMlCIYv2oVN4AaABAg,, -tdXMVR22UQ,"{""text"":""GMO has the highest I‚Äôm sure, most profitable strain. All companies have gmo rosin or some sort of garlic cross""}",,UgxxSVm9bMlCIYv2oVN4AaABAg
UgxBeaEs0TShF_jY8yh4AaABAg.9KA3idPtoVd9RKbutYZPCD,UCbClSOItOom1IT8ZLKnZYEA,2021-08-22T03:10:21.738392+00:00,0,,,UgxBeaEs0TShF_jY8yh4AaABAg,,UqQvtVv-pxg,"{""text"":""Isn‚Äôt that live rosin? Not resin""}",,UgxBeaEs0TShF_jY8yh4AaABAg
Ugwjf_vQT0zKbyqS9Dp4AaABAg,UCbClSOItOom1IT8ZLKnZYEA,2021-08-11T04:48:47.482332+00:00,0,,,,,3MLjfnouo88,"{""text"":""The Best Rapper On Guitar Beats""}",,
UgxtPEN1WjLWbNt079d4AaABAg,UCbClSOItOom1IT8ZLKnZYEA,2021-07-15T14:01:56.924636+00:00,0,,,,,qf-40tCmCTw,"{""text"":""Love your content, I think for you to reach a larger audience you should try different products. I noticed you do a lot of carts and live resin.""},{""text"":""\n""},{""text"":""\n""},{""text"":""Maybe do some buds and hash rosin? Compare resin and rosin. Is the high the same? Is it true that dabs fuck up your tolerance? Is that a myth? (I personally think so)""}",,
UgyI-8aFWtmF2o42ikR4AaABAg,UCbClSOItOom1IT8ZLKnZYEA,2021-06-27T19:43:48.17719+00:00,0,,,,,g8NEyfUuEKk,"{""text"":""Respeck""}",,
Ugxt6PcyEkP9qd3y2hB4AaABAg,UCbClSOItOom1IT8ZLKnZYEA,2021-06-15T17:32:43.338912+00:00,0,,,,,Op163KsloyQ,"{""text"":""Instrumental sounds like Lil Durk - Backdoor""}",,
UgzdLYsS6LqQZr2iLfJ4AaABAg,UCbClSOItOom1IT8ZLKnZYEA,2021-05-29T20:01:35.257584+00:00,0,,,,,RpaeLuqArs0,"{""text"":""Mando viewers will never see this""}",,
UgzqwKdtFZzI8fntvnF4AaABAg,UCbClSOItOom1IT8ZLKnZYEA,2021-05-17T18:00:40.465909+00:00,0,,,,,D5pDrI0RyVM,"{""text"":""Hard""}",,
UgzBmESDtE4TxgtV-Ih4AaABAg,UCbClSOItOom1IT8ZLKnZYEA,2021-05-06T19:20:28.439249+00:00,0,,,,,eFEjDCMNqYs,"{""text"":""Joyner killed it, and Lil Baby 76183/76182 on features""}",,
UgxOEeWRYeyK-5utMP94AaABAg,UCbClSOItOom1IT8ZLKnZYEA,2021-04-09T03:54:43.367618+00:00,0,,,,,z2bhSltDlFg,"{""text"":""This instrumental was a TYPE BEAT I found a year ago. Can't seem to find it, anyone know the name of the producer?""}",,
Ugxt9hBwl-owLSpt4Wp4AaABAg,UCbClSOItOom1IT8ZLKnZYEA,2021-03-16T19:27:39.312227+00:00,0,,,,,l3zjweSS4Hc,"{""text"":""Honestly, dis shit so hard. You getting support from Cali pat. keep it pushin""}",,
Ugy4KLA7fzlapDMQW7x4AaABAg,UCbClSOItOom1IT8ZLKnZYEA,2021-03-15T19:21:53.906317+00:00,0,,,,,Aq9TEACHTDw,"{""text"":""I know I ain't got time on my scheudle, but if I feel like she ain't mine Ima let her go. fax""}",,
Ugz69HCJCuLziovxQMJ4AaABAg.8rzczdiTVGP9KjD8540oB2,UCbClSOItOom1IT8ZLKnZYEA,2021-03-11T02:05:36.232557+00:00,0,,,Ugz69HCJCuLziovxQMJ4AaABAg.8rzczdiTVGP9Kee7qkm0LV,,deHbSMZoW3Q,"{""text"":""@OOGS FYC141"",""mention"":{""externalChannelId"":""UCEBHtr5EOVa7zQy7hcn6JRw""}},{""text"":"" Rosin is just expensive to make. You have to either press hash, kief, which will give you a high return rate of at least 50%, but costs a ton. Same thing with flower. Cured buds can give anywhere from 10-20%. Live buds can yield up to 28%. The thing is flower, hash, and kief are all pricey. Not all flowers yield the same amount and the average return is anywhere from 1-1.4g for a quarter oz of flower. ""},{""text"":""\n""},{""text"":""\n""},{""text"":""The thing about BHO or solvent extractions is that you can pull thc even from TRIM. A cheaper material than kief, hash, and flower, and still achieve a higher yield consistently.""},{""text"":""\n""},{""text"":""\n""},{""text"":""tldr: You can press trim on rosin, but it won‚Äôt turn out very good.""}",,Ugz69HCJCuLziovxQMJ4AaABAg
Ugz1aJNZGS2fUFPm35p4AaABAg,UCbClSOItOom1IT8ZLKnZYEA,2021-03-07T16:37:33.3627+00:00,0,,,,,g6igTJXcqvo,"{""text"":""6ix9ine has a song named after this guy.""}",,
UgwAQiuRThFeBzujGdp4AaABAg,UCbClSOItOom1IT8ZLKnZYEA,2021-03-03T01:50:07.881456+00:00,0,,,,,NRxZDnUss-Q,"{""text"":""Best dt song""}",,
UgzQ313m2yIk98vqlXF4AaABAg,UCbClSOItOom1IT8ZLKnZYEA,2021-03-03T01:49:53.470127+00:00,0,,,,,NRxZDnUss-Q,"{""text"":""Best dt song""}",,
Ugzq4HMOlThgaOrfSZN4AaABAg,UCbClSOItOom1IT8ZLKnZYEA,2021-02-26T02:03:31.071553+00:00,0,,,,,iDqgMRD-bwo,"{""text"":""Heard the opps rappin, hope them niggas blow up. When they do a show I be the first one to show up""}",,
Ugxg3A0vdlLXwhY9dGV4AaABAg,UCbClSOItOom1IT8ZLKnZYEA,2021-02-03T18:00:57.381059+00:00,0,,,,,T4OZY7AzOTg,"{""text"":""Devil callin, I don't hit ignore, I'm like, \""Watchu doin?\""""},{""text"":""\n""},{""text"":""Tryna score, just make sure you sure, that you wanna do it""},{""text"":""\n""},{""text"":""Only one of us gone make out it alive and tell the story""}",,
Ugx_hOSTzMw-Zdsrzd14AaABAg,UCbClSOItOom1IT8ZLKnZYEA,2021-02-03T17:58:20.99796+00:00,0,,,,,T4OZY7AzOTg,"{""text"":""Showed em how to make 100 G's being a middleman.""}",,
Ugwte5rmNwPkUmT_10t4AaABAg.9JBUZ4YsYhS9JDb1i49eqp,UCbClSOItOom1IT8ZLKnZYEA,2021-02-01T13:36:51.315654+00:00,0,,,Ugwte5rmNwPkUmT_10t4AaABAg.9JBUZ4YsYhS9JBlHTVXkSX,,sxcN-VUNLuk,"{""text"":""@Oreo-San"",""mention"":{""externalChannelId"":""UC4K-JsUjcauWeoeOjBB5X9g""}},{""text"":"" I can absolutely relate to you bro. I was doing anywhere between 30-150mg a day. I wasn‚Äôt getting sleep for days on end and the crash would make you sleep for 24 hours pretty much. It gets to a point where you need one to feel functional. After 9 months of constant use, it took me about a year of being off of it to feel great again""}",,Ugwte5rmNwPkUmT_10t4AaABAg
Ugz60cnM6hJ40cg8tfF4AaABAg,UCbClSOItOom1IT8ZLKnZYEA,2021-01-17T16:14:09.32438+00:00,0,,,,,TQOCcAuSypo,"{""text"":""6969 as the passcode POG""}",,
UgwH_tPnE0e3x_eHJRt4AaABAg,UCbClSOItOom1IT8ZLKnZYEA,2021-01-06T15:02:05.570795+00:00,0,,,,,dtwpwFO1VeQ,"{""text"":""Swag""}",,
UgwvNU8IHIX7RKGHTBZ4AaABAg,UCbClSOItOom1IT8ZLKnZYEA,2021-01-02T17:45:16.458117+00:00,0,,,,,rFOgF4O6Exc,"{""text"":""In cali flockin means robbing / stealing""}",,
UgzzLaNjJ_Ea65FGzZ14AaABAg,UCbClSOItOom1IT8ZLKnZYEA,2020-12-01T05:04:45.713648+00:00,0,,,,,PbrLG5ZEV8s,"{""text"":""Peep Pop Smoke‚Äôs jacket""}",,
UgyY82EoTsEPrlwKGyJ4AaABAg.9FgLPPUIxOc9FjoxVTkzCa,UCbClSOItOom1IT8ZLKnZYEA,2020-11-07T01:07:50.320548+00:00,0,,,UgyY82EoTsEPrlwKGyJ4AaABAg,,IRZGR8Fobyo,"{""text"":""He sampled it from shilohdynasty. the drunk and confused part was the name of someone‚Äôs title using the same sample""}",,UgyY82EoTsEPrlwKGyJ4AaABAg
Ugz-gBQxsFWrBmeoP8J4AaABAg,UCbClSOItOom1IT8ZLKnZYEA,2020-11-06T18:13:07.966171+00:00,0,,,,,xCY1q07rOYw,"{""text"":""RIP KING VON!!""}",,
Ugx6LlljWEfjxw18rlx4AaABAg,UCbClSOItOom1IT8ZLKnZYEA,2020-10-12T20:38:38.6303+00:00,0,,,,,CYLvtkuQ5rA,"{""text"":""Tongue üëÖ""}",,
Ugx34sDuMKjToXMYUX14AaABAg,UCbClSOItOom1IT8ZLKnZYEA,2020-10-09T18:57:45.542364+00:00,0,,,,,JHixsTYXfso,"{""text"":""Von killed that NY beat""}",,
UgyKfl5QpjCDBX558Np4AaABAg,UCbClSOItOom1IT8ZLKnZYEA,2020-09-23T21:27:36.701097+00:00,0,,,,,FH3yZRZL2B0,"{""text"":""Lit üî•""}",,
UgzQ2_jQj6mmwFHB72d4AaABAg,UCbClSOItOom1IT8ZLKnZYEA,2020-09-19T05:04:19.25989+00:00,0,,,,,pPmMa0EdClg,"{""text"":""Shoulda named me JOHN cause I ain‚Äôt CENA woman yet. üó£""}",,
UgwjIQydkjeps0dTyu14AaABAg,UCbClSOItOom1IT8ZLKnZYEA,2020-09-10T19:34:31.141899+00:00,0,,,,,-4VAZnpOcLU,"{""text"":""what a fucking monster""}",,
UgzaO_lQokWZdnaaXBF4AaABAg.97Us_plHDpn9A2iZTcmTvX,UCbClSOItOom1IT8ZLKnZYEA,2020-06-18T15:28:26.259161+00:00,0,,,UgzaO_lQokWZdnaaXBF4AaABAg.97Us_plHDpn9A1IaYGDzXS,,7y9BbD4pgBw,"{""text"":""Teeko Train never tried the combination. But I would try 3:1 ratio w rice flour and corn starch.""}",,UgzaO_lQokWZdnaaXBF4AaABAg
UgymPy2eid5XufWFQx14AaABAg,UCbClSOItOom1IT8ZLKnZYEA,2020-06-12T04:44:14.770483+00:00,0,,,,,szJJEFxyrX8,"{""text"":""The fucking goat""}",,
UgwJ3v7Q5vK6gdyTOkN4AaABAg,UCbClSOItOom1IT8ZLKnZYEA,2020-06-11T13:34:16.100676+00:00,0,,,,,1nrZk1XfuME,"{""text"":""At ""},{""text"":""1:01"",""videoLink"":{""externalVideoId"":""1nrZk1XfuME"",""startTimeSeconds"":61}},{""text"":"" he says ‚ÄúLet‚Äôs do this‚Äù like Jax from league of legends""}",,
UgxeD21i3pEpbsHklSd4AaABAg.99bSEJk1xx499emxi_U9qU,UCbClSOItOom1IT8ZLKnZYEA,2020-06-08T23:05:49.517248+00:00,0,,,UgxeD21i3pEpbsHklSd4AaABAg,,l2Y7k3h3zGQ,"{""text"":""Alexander Nguyen notes""}",,UgxeD21i3pEpbsHklSd4AaABAg
UgxvKtPDeu6MWh9y6tJ4AaABAg.99bSaBTn2Kg99emwaHIjv7,UCbClSOItOom1IT8ZLKnZYEA,2020-06-08T23:05:40.239191+00:00,0,,,UgxvKtPDeu6MWh9y6tJ4AaABAg,,SLkv5VEWwcI,"{""text"":""Alexander Nguyen üòÖüòÖüòÖ""}",,UgxvKtPDeu6MWh9y6tJ4AaABAg
UgxLZ918YO7ocVUmYAR4AaABAg.94M_FDZJMdD99YAg9nLWIj,UCbClSOItOom1IT8ZLKnZYEA,2020-06-06T00:07:57.379971+00:00,0,,,UgxLZ918YO7ocVUmYAR4AaABAg,,gr1kbqNXTFY,"{""text"":""It‚Äôs actually a concept where you feel like you‚Äôre a caregiver. It‚Äôs called extensive caregiver personality, because you get more joy to see others happy and I just made all of that up.""}",,UgxLZ918YO7ocVUmYAR4AaABAg
UgwiOlkzmMkmQVcgib94AaABAg,UCbClSOItOom1IT8ZLKnZYEA,2020-05-29T14:25:10.705005+00:00,0,,,,,o-L7dA8eeQQ,"{""text"":""Intro sounded like gunna ‚Äúoh okay‚Äù""}",,
UgwFFp7_Kzz91TRdSUp4AaABAg,UCbClSOItOom1IT8ZLKnZYEA,2020-05-28T22:43:21.551314+00:00,0,,,,,J0b_RyYo-aQ,"{""text"":""On this day, a fuckboi was born. May the gods be with him""}",,
Ugxf_Omo0jMISMPdICJ4AaABAg,UCbClSOItOom1IT8ZLKnZYEA,2020-05-28T06:31:54.164299+00:00,0,,,,,Et6MuBuwgxg,"{""text"":""White cherries or red cherries??""}",,
UgwVTNTf00Wf58NAQCl4AaABAg.997wOBiVedU997xv0oxqp1,UCbClSOItOom1IT8ZLKnZYEA,2020-05-26T19:47:23.873557+00:00,0,,,UgwVTNTf00Wf58NAQCl4AaABAg,,TdJ7cFo1Euk,"{""text"":""Noted""}",,UgwVTNTf00Wf58NAQCl4AaABAg
UgzzFJB_pBSG_BnBddF4AaABAg.98yo-59rkof98z-HoFEcIg,UCbClSOItOom1IT8ZLKnZYEA,2020-05-22T22:55:43.006886+00:00,0,,,UgzzFJB_pBSG_BnBddF4AaABAg,,SLkv5VEWwcI,"{""text"":""No way""}",,UgzzFJB_pBSG_BnBddF4AaABAg
UgzSgz8z-ixLuavwqCV4AaABAg.98rpZY5CsFD98tm8KO1u7e,UCbClSOItOom1IT8ZLKnZYEA,2020-05-20T22:15:53.050961+00:00,0,,,UgzSgz8z-ixLuavwqCV4AaABAg,,MGuvjGlLmWs,"{""text"":""Bobito""}",,UgzSgz8z-ixLuavwqCV4AaABAg
Ugx0CQlAdhQsTHMDT994AaABAg.98tHgslonsh98tm7JNwUt9,UCbClSOItOom1IT8ZLKnZYEA,2020-05-20T22:15:44.604923+00:00,0,,,Ugx0CQlAdhQsTHMDT994AaABAg,,MGuvjGlLmWs,"{""text"":""come thru!!""}",,Ugx0CQlAdhQsTHMDT994AaABAg
UgwH3mfeQHzq7TmGzkd4AaABAg,UCbClSOItOom1IT8ZLKnZYEA,2020-05-20T03:52:55.14032+00:00,0,,,,,MGuvjGlLmWs,"{""text"":""Comment if you think boba is not a piece of poop!""}",,
Ugx7OAoSqURLLJG1r994AaABAg.98c5AC1RpuI98c8knI90HC,UCbClSOItOom1IT8ZLKnZYEA,2020-05-14T01:55:55.285554+00:00,0,,,Ugx7OAoSqURLLJG1r994AaABAg,,NNUECJU5sZw,"{""text"":""THANKS Katie!""}",,Ugx7OAoSqURLLJG1r994AaABAg
UgyvP8GRv7DN4E6LB4l4AaABAg,UCbClSOItOom1IT8ZLKnZYEA,2020-05-13T18:28:14.017406+00:00,0,,,,,vm-8jBN4V0M,"{""text"":""Ip man rolling over in his grave""}",,
UgwGJIjVN_P5sgfZRQV4AaABAg.98_p5GOpUed98aurP5-yE9,UCbClSOItOom1IT8ZLKnZYEA,2020-05-13T14:26:30.65736+00:00,0,,,UgwGJIjVN_P5sgfZRQV4AaABAg,,NNUECJU5sZw,"{""text"":""!!!!!!!!!!!!!!!!!!!!!""}",,UgwGJIjVN_P5sgfZRQV4AaABAg
UgyZm1yq-A1ZirofYTN4AaABAg.98ae9KGjZ_798auqy8Yrrz,UCbClSOItOom1IT8ZLKnZYEA,2020-05-13T14:26:27.079512+00:00,0,,,UgyZm1yq-A1ZirofYTN4AaABAg,,NNUECJU5sZw,"{""text"":""Thanks bro!""}",,UgyZm1yq-A1ZirofYTN4AaABAg
Ugz9l5e8AHDH3KNhaxl4AaABAg.98Qadgj_ITD98R_SoqPy2E,UCbClSOItOom1IT8ZLKnZYEA,2020-05-09T14:07:06.726961+00:00,0,,,Ugz9l5e8AHDH3KNhaxl4AaABAg,,pHmhWcowvoo,"{""text"":""Sunny Frisky hell = love life""}",,Ugz9l5e8AHDH3KNhaxl4AaABAg





